{
  "parent": "minecraft:item/generated",
  "textures": {
    "layer0": "minecraft:item/book"
  },
  
  "overrides": [
    { "predicate": { "custom_model_data": 100 }, "model": "minecraft:item/hc_book" },
    { "predicate": { "custom_model_data": 410 }, "model": "minecraft:item/hc_spellbook" },
    { "predicate": { "custom_model_data": 411 }, "model": "minecraft:item/hc_spellbook" },
    { "predicate": { "custom_model_data": 412 }, "model": "minecraft:item/hc_copper_spellbook" },
    { "predicate": { "custom_model_data": 413 }, "model": "minecraft:item/hc_iron_spellbook" },
    { "predicate": { "custom_model_data": 414 }, "model": "minecraft:item/hc_diamond_spellbook" },
    { "predicate": { "custom_model_data": 415 }, "model": "minecraft:item/hc_netherite_spellbook" }
  ]
}