{
  "parent": "minecraft:item/handheld",
  "textures": {
    "layer0": "minecraft:item/iron_sword"
  },
  "overrides": [
    { "predicate": { "custom_model_data": 210 }, "model": "minecraft:item/hc_iron_knuckleduster" },
    { "predicate": { "custom_model_data": 213 }, "model": "minecraft:item/hc_iron_knuckleduster" },
    { "predicate": { "custom_model_data": 220 }, "model": "minecraft:item/hc_iron_katana" },
    { "predicate": { "custom_model_data": 223 }, "model": "minecraft:item/hc_iron_katana" },
    { "predicate": { "custom_model_data": 400 }, "model": "minecraft:item/hc_iron_wand" },
    { "predicate": { "custom_model_data": 403 }, "model": "minecraft:item/hc_iron_wand" }
  ]
}