{
  "parent": "minecraft:item/generated",
  "textures": {
    "layer0": "minecraft:item/trident"
  },
  "overrides": [
    { "predicate": { "custom_model_data": 600 }, "model": "minecraft:item/hc_spear" },
    { "predicate": { "custom_model_data": 601 }, "model": "minecraft:item/hc_spear" },
    { "predicate": { "custom_model_data": 602 }, "model": "minecraft:item/hc_copper_spear" },
    { "predicate": { "custom_model_data": 603 }, "model": "minecraft:item/hc_iron_spear" },
    { "predicate": { "custom_model_data": 604 }, "model": "minecraft:item/hc_diamond_spear" },
    { "predicate": { "custom_model_data": 605 }, "model": "minecraft:item/hc_netherite_spear" }
  ]
}