{
  "parent": "minecraft:item/generated",
  "textures": {
    "layer0": "minecraft:item/trident"
  },
  "overrides": [
    { "predicate": { "custom_model_data": 700 }, "model": "minecraft:item/hc_spear" },
    { "predicate": { "custom_model_data": 701 }, "model": "minecraft:item/hc_spear" },
    { "predicate": { "custom_model_data": 702 }, "model": "minecraft:item/hc_copper_spear" },
    { "predicate": { "custom_model_data": 703 }, "model": "minecraft:item/hc_iron_spear" },
    { "predicate": { "custom_model_data": 704 }, "model": "minecraft:item/hc_diamond_spear" },
    { "predicate": { "custom_model_data": 705 }, "model": "minecraft:item/hc_netherite_spear" }
  ]
}