{
  "parent": "minecraft:item/generated",
  "textures": {
    "layer0": "minecraft:item/trident"
  },
  "overrides": [
    { "predicate": { "custom_model_data": 100 }, "model": "item/hc_spear" },
    { "predicate": { "custom_model_data": 101 }, "model": "item/hc_spear" },
    { "predicate": { "custom_model_data": 102 }, "model": "item/hc_copper_spear" },
    { "predicate": { "custom_model_data": 103 }, "model": "item/hc_iron_spear" },
    { "predicate": { "custom_model_data": 104 }, "model": "item/hc_diamond_spear" },
    { "predicate": { "custom_model_data": 105 }, "model": "item/hc_netherite_spear" }
  ]
}