{
  "parent": "minecraft:item/generated",
  "textures": {
    "layer0": "minecraft:item/paper"
  },
  "overrides": [
    { "predicate": { "custom_model_data": 520 }, "model": "minecraft:item/hc_card" },
    { "predicate": { "custom_model_data": 521 }, "model": "minecraft:item/hc_card" },
    { "predicate": { "custom_model_data": 522 }, "model": "minecraft:item/hc_copper_card" },
    { "predicate": { "custom_model_data": 523 }, "model": "minecraft:item/hc_iron_card" },
    { "predicate": { "custom_model_data": 524 }, "model": "minecraft:item/hc_diamond_card" },
    { "predicate": { "custom_model_data": 525 }, "model": "minecraft:item/hc_netherite_card" }
  ]
}