{
  "parent": "minecraft:item/handheld",
  "textures": {
    "layer0": "minecraft:item/stick"
  },
  "overrides": [
    { "predicate": { "custom_model_data": 100 }, "model": "minecraft:item/hc_chain" },
    { "predicate": { "custom_model_data": 150 }, "model": "minecraft:item/hc_magicwand" },
    { "predicate": { "custom_model_data": 210 }, "model": "minecraft:item/hc_knuckles" },
    
    { "predicate": { "custom_model_data": 320 }, "model": "minecraft:item/hc_longbow" },
    
    { "predicate": { "custom_model_data": 220 }, "model": "minecraft:item/hc_iron_katana" },
    { "predicate": { "custom_model_data": 221 }, "model": "minecraft:item/hc_wooden_katana" },
    { "predicate": { "custom_model_data": 222 }, "model": "minecraft:item/hc_copper_katana" },
    { "predicate": { "custom_model_data": 223 }, "model": "minecraft:item/hc_iron_katana" },
    { "predicate": { "custom_model_data": 224 }, "model": "minecraft:item/hc_diamond_katana" },
    { "predicate": { "custom_model_data": 225 }, "model": "minecraft:item/hc_netherite_katana" },
    
    { "predicate": { "custom_model_data": 400 }, "model": "minecraft:item/hc_iron_wand" },
    { "predicate": { "custom_model_data": 401 }, "model": "minecraft:item/hc_wooden_wand" },
    { "predicate": { "custom_model_data": 402 }, "model": "minecraft:item/hc_copper_wand" },
    { "predicate": { "custom_model_data": 403 }, "model": "minecraft:item/hc_iron_wand" },
    { "predicate": { "custom_model_data": 404 }, "model": "minecraft:item/hc_diamond_wand" },
    { "predicate": { "custom_model_data": 405 }, "model": "minecraft:item/hc_netherite_wand" },
    
    { "predicate": { "custom_model_data": 500 }, "model": "minecraft:item/hc_iron_mace" },
    { "predicate": { "custom_model_data": 501 }, "model": "minecraft:item/hc_wooden_mace" },
    { "predicate": { "custom_model_data": 502 }, "model": "minecraft:item/hc_copper_mace" },
    { "predicate": { "custom_model_data": 503 }, "model": "minecraft:item/hc_iron_mace" },
    { "predicate": { "custom_model_data": 504 }, "model": "minecraft:item/hc_diamond_mace" },
    { "predicate": { "custom_model_data": 505 }, "model": "minecraft:item/hc_netherite_mace" }
  ]
}